{
  "body": "{\"pageTitle\":\"綜合數據儀表板\",\"charts\":[{\"type\":\"line\",\"title\":\"網站流量趨勢 (過去7天)\",\"labels\":[\"星期一\",\"星期二\",\"星期三\",\"星期四\",\"星期五\",\"星期六\",\"星期日\"],\"data\":[1200,1500,1300,1800,2100,2500,2300]},{\"type\":\"pie\",\"title\":\"使用者裝置分佈\",\"labels\":[\"電腦\",\"手機\",\"平板\"],\"data\":[55,35,10]},{\"type\":\"bar\",\"title\":\"各地區銷售額 (百萬)\",\"labels\":[\"北部\",\"中部\",\"南部\",\"東部\"],\"data\":[15,25,20,13]},{\"type\":\"doughnut\",\"title\":\"產品類別佔比\",\"labels\":[\"電子產品\",\"服飾\",\"書籍\",\"家居用品\"],\"data\":[40,25,15,20]}]}",
  "queryStringParameters": {
    "output": "html"
  }
}
